idx,Category,Freq,Term,Total,loglift,logprob
458,Default,1001.0,italiano,1001.0,30.0,30.0
278,Default,457.0,dispaccio,457.0,29.0,29.0
995,Default,341.0,venire,341.0,28.0,28.0
456,Default,504.0,italia,504.0,27.0,27.0
384,Default,311.0,giornale,311.0,26.0,26.0
918,Default,393.0,telegrafico,393.0,25.0,25.0
3345,Default,260.0,cardinale,260.0,24.0,24.0
238,Default,330.0,daily,330.0,23.0,23.0
802,Default,450.0,roma,450.0,22.0,22.0
687,Default,358.0,potere,358.0,21.0,21.0
50,Default,184.0,americano,184.0,20.0,20.0
594,Default,187.0,nome,187.0,19.0,19.0
608,Default,210.0,nuovo,210.0,18.0,18.0
90,Default,120.0,avvenire,120.0,17.0,17.0
602,Default,144.0,notizia,144.0,16.0,16.0
951,Default,178.0,trovare,178.0,15.0,15.0
457,Default,145.0,italian,145.0,14.0,14.0
647,Default,153.0,patrio,153.0,13.0,13.0
240,Default,193.0,dare,193.0,12.0,12.0
616,Default,144.0,operare,144.0,11.0,11.0
974,Default,130.0,unito,130.0,10.0,10.0
531,Default,223.0,mentire,223.0,9.0,9.0
403,Default,147.0,grande,147.0,8.0,8.0
365,Default,135.0,francese,135.0,7.0,7.0
326,Default,83.0,estero,83.0,6.0,6.0
508,Default,148.0,maggio,148.0,5.0,5.0
1463,Default,165.0,leggere,165.0,4.0,4.0
648,Default,116.0,patrizio,116.0,3.0,3.0
225,Default,120.0,correre,120.0,2.0,2.0
270,Default,229.0,dire,229.0,1.0,1.0
9296,Topic1,1.9906683,rovere,3.7294106,0.51419997215271,-9.929699897766113
26250,Topic1,3.6651936,xlll,7.443747,0.4334999918937683,-9.319299697875977
24152,Topic1,10.33701,papato,20.99435,0.4334999918937683,-8.282400131225586
21504,Topic1,46.28462,conclave,94.59219,0.42719998955726624,-6.783400058746338
23022,Topic1,1.6955829,placidamente,3.53381,0.4075999855995178,-10.090100288391113
10917,Topic1,1.7083315,battito,3.5977917,0.39719998836517334,-10.0826997756958
16564,Topic1,0.8126121,apsaalo,1.713612,0.39590001106262207,-10.825699806213379
23057,Topic1,1.2309239,tettoia,2.6084714,0.39100000262260437,-10.410400390625
6814,Topic1,4.1326146,dipartimento,8.822861,0.38350000977516174,-9.199299812316895
16645,Topic1,0.8102973,hontoomkpr,1.7307487,0.3831000030040741,-10.828499794006348
4396,Topic1,3.1822004,rubare,6.801675,0.3824000060558319,-9.460599899291992
8179,Topic1,2.476957,valparaiso,5.316378,0.3781999945640564,-9.711099624633789
26569,Topic1,1.1991534,arcades,2.574667,0.37790000438690186,-10.436599731445312
23397,Topic1,1.2451446,oriunda,2.6781301,0.37610000371932983,-10.398900032043457
15109,Topic1,3.2863011,remare,7.070326,0.3758000135421753,-9.428400039672852
24237,Topic1,1.1844553,voialtri,2.5514803,0.37459999322891235,-10.44890022277832
26239,Topic1,0.81491,teficc,1.7556208,0.37450000643730164,-10.822799682617188
917,Topic1,18.59881,tato,40.152374,0.3723999857902527,-7.695099830627441
16650,Topic1,0.79426074,inat,1.71549,0.3718999922275543,-10.84850025177002
9162,Topic1,1.6365646,labbro,3.5348017,0.3718999922275543,-10.12559986114502
16751,Topic1,0.8043417,tctrobarga,1.7379733,0.3714999854564667,-10.83590030670166
26240,Topic1,0.82230735,terizzò,1.7783849,0.37059998512268066,-10.813799858093262
16628,Topic1,0.800898,fciocktou,1.7340163,0.3695000112056732,-10.840200424194336
16671,Topic1,1.2359871,maln,2.6807294,0.3677999973297119,-10.406299591064453
16684,Topic1,0.7941007,naoque,1.7236613,0.367000013589859,-10.848699569702148
21195,Topic1,2.1379309,coole,4.6472263,0.36550000309944153,-9.85830020904541
16735,Topic1,0.78931326,rlcoacl,1.7189147,0.3637000024318695,-10.8548002243042
14135,Topic1,1.2067804,perfido,2.6370199,0.3603000044822693,-10.43019962310791
16697,Topic1,0.78141594,ooaaorte,1.7085754,0.3596999943256378,-10.864800453186035
12227,Topic1,1.5712957,annesso,3.4392247,0.358599990606308,-10.166299819946289
242,Topic1,9.588666,debbono,21.136349,0.3515999913215637,-8.357600212097168
12576,Topic1,5.885308,uovo,12.91442,0.3560999929904938,-8.84570026397705
7300,Topic1,10.340299,ufficio,22.909718,0.3465000092983246,-8.282099723815918
1704,Topic1,11.493281,razza,25.5955,0.34130001068115234,-8.176400184631348
606,Topic1,75.78118,numerare,177.03395,0.29350000619888306,-6.290299892425537
6933,Topic1,3.4315333,sacramentare,7.5667286,0.35120001435279846,-9.385199546813965
5073,Topic1,5.3856297,avve,11.987373,0.3418999910354614,-8.934399604797363
2052,Topic1,26.327528,colonia,60.709396,0.30649998784065247,-7.347599983215332
6819,Topic1,2.2845361,domenico,5.014831,0.35569998621940613,-9.791999816894531
9145,Topic1,2.3378468,intransigente,5.136477,0.3547999858856201,-9.768899917602539
458,Topic1,401.84253,italiano,1001.09753,0.22920000553131104,-4.622099876403809
549,Topic1,33.971382,ministero,79.11522,0.29660001397132874,-7.092700004577637
1512,Topic1,24.203844,membro,56.234844,0.29899999499320984,-7.431700229644775
4253,Topic1,10.336805,meritare,23.451706,0.32269999384880066,-8.282500267028809
116,Topic1,8.856174,bologna,20.084412,0.323199987411499,-8.437100410461426
23153,Topic1,5.0071335,gibbons,11.175219,0.3391000032424927,-9.00730037689209
5137,Topic1,3.9652114,disperato,8.809756,0.34369999170303345,-9.240599632263184
175,Topic1,22.357683,collegio,52.50979,0.2881999909877777,-7.511000156402588
2326,Topic1,19.882078,parto,46.649273,0.2890999913215637,-7.628399848937988
1604,Topic1,92.163536,papa,231.33762,0.22169999778270721,-6.094600200653076
484,Topic1,38.622562,leone,93.65324,0.25619998574256897,-6.964300155639648
238,Topic1,129.43007,daily,330.09018,0.20579999685287476,-5.755000114440918
5326,Topic1,23.026726,roosevelt,54.7842,0.2752000093460083,-7.481500148773193
663,Topic1,44.102715,pietro,108.67481,0.24009999632835388,-6.831699848175049
508,Topic1,59.001907,maggio,148.54042,0.21870000660419464,-6.540599822998047
694,Topic1,40.598724,prendere,100.220375,0.23829999566078186,-6.914400100708008
1023,Topic1,83.38126,york,214.2074,0.19850000739097595,-6.194699764251709
295,Topic1,83.386215,dovere,219.12076,0.17579999566078186,-6.194699764251709
133,Topic1,14.357751,campire,33.72848,0.28790000081062317,-7.95389986038208
3936,Topic1,19.444754,alessandro,46.605156,0.2678000032901764,-7.650599956512451
456,Topic1,181.04533,italia,504.5979,0.11699999868869781,-5.419400215148926
739,Topic1,78.361664,quotidiano,206.10512,0.17489999532699585,-6.256800174713135
401,Topic1,79.62628,gran,209.87292,0.1728000044822693,-6.240799903869629
2815,Topic1,40.23538,porto,101.10553,0.22059999406337738,-6.923399925231934
1828,Topic1,30.122656,stampare,74.894196,0.23119999468326569,-7.212900161743164
367,Topic1,47.570553,francisco,123.20233,0.19040000438690186,-6.75600004196167
802,Topic1,156.12502,roma,450.56665,0.08209999650716782,-5.567500114440918
918,Topic1,137.74188,telegrafico,393.53424,0.09220000356435776,-5.692800045013428
1634,Topic1,49.02838,politico,127.44714,0.1867000013589859,-6.725800037384033
602,Topic1,53.527084,notizia,144.99274,0.14550000429153442,-6.638000011444092
366,Topic1,43.84962,francia,116.12204,0.1680999994277954,-6.837399959564209
594,Topic1,66.91881,nome,187.96289,0.10920000076293945,-6.414700031280518
2502,Topic1,63.906998,volere,179.13466,0.11129999905824661,-6.460700035095215
702,Topic1,57.450172,presidente,158.54242,0.12690000236034393,-6.567299842834473
270,Topic1,77.714874,dire,229.07874,0.061000000685453415,-6.265100002288818
2325,Topic1,43.468884,partire,115.41141,0.1655000001192093,-6.846099853515625
895,Topic1,53.835773,states,149.8056,0.11860000342130661,-6.632199764251709
278,Topic1,131.617,dispaccio,457.2385,-0.10329999774694443,-5.73829984664917
687,Topic1,107.93002,potere,358.15668,-0.057500001043081284,-5.936699867248535
384,Topic1,94.676346,giornale,311.21957,-0.04809999838471413,-6.067699909210205
873,Topic1,46.857563,solo,126.79792,0.14650000631809235,-6.771100044250488
403,Topic1,52.398537,grande,147.71931,0.1054999977350235,-6.659299850463867
995,Topic1,93.8572,venire,341.4494,-0.149399995803833,-6.076399803161621
531,Topic1,68.53386,mentire,223.85564,-0.04170000180602074,-6.3907999992370605
3345,Topic1,75.368195,cardinale,260.26074,-0.09730000048875809,-6.29580020904541
240,Topic1,61.834007,dare,193.25699,0.002400000113993883,-6.49370002746582
50,Topic1,58.112366,americano,184.37169,-0.012600000016391277,-6.555799961090088
515,Topic1,51.259483,mano,146.09097,0.09470000118017197,-6.681300163269043
608,Topic1,59.46388,nuovo,210.52539,-0.12229999899864197,-6.532800197601318
638,Topic1,53.581577,parigi,168.94865,-0.006399999838322401,-6.63700008392334
1007,Topic1,51.564327,visitare,152.49486,0.05770000070333481,-6.675300121307373
3891,Topic2,0.8578874,verdura,2.3262074,0.6290000081062317,-10.28689956665039
3550,Topic2,1.0950671,inesauribile,3.0429523,0.6044999957084656,-10.042799949645996
3330,Topic2,2.5637558,buenos,7.179957,0.5967000126838684,-9.192099571228027
3498,Topic2,0.8353305,field,2.4066145,0.5684000253677368,-10.31350040435791
3308,Topic2,1.5973998,ayres,4.682969,0.5509999990463257,-9.665200233459473
14722,Topic2,0.5306876,liberatore,1.5843141,0.532800018787384,-10.767200469970703
13706,Topic2,2.105136,immi,6.28587,0.5325999855995178,-9.389200210571289
291,Topic2,0.78217983,dolorosamente,2.3462467,0.5281000137329102,-10.379300117492676
3133,Topic2,5.7618637,nazionalità,17.329363,0.5253999829292297,-8.38230037689209
6506,Topic2,1.2557937,guida,3.782201,0.5239999890327454,-9.905799865722656
14811,Topic2,1.057717,sfacelo,3.1917734,0.5220999717712402,-10.077500343322754
11401,Topic2,0.81378675,russie,2.46929,0.5166000127792358,-10.339699745178223
3430,Topic2,2.8593493,derivare,8.739273,0.5092999935150146,-9.083000183105469
14647,Topic2,0.5339019,ddle,1.6375539,0.5058000087738037,-10.761099815368652
3482,Topic2,0.7794855,express,2.4051156,0.4997999966144562,-10.382699966430664
13667,Topic2,1.2981739,eminentemente,4.006439,0.49959999322891235,-9.872599601745605
14716,Topic2,0.52250326,iìuuv,1.6130133,0.4993000030517578,-10.782699584960938
14659,Topic2,0.52607566,dmineano,1.6285965,0.4964999854564667,-10.775899887084961
3635,Topic2,0.97964543,moriondo,3.036639,0.4952000081539154,-10.154199600219727
18797,Topic2,0.5232108,flitti,1.622953,0.4945000112056732,-10.781399726867676
18624,Topic2,0.52465206,mmlg,1.6292741,0.4934000074863434,-10.778599739074707
20735,Topic2,0.99851704,nitti,3.1048844,0.4921000003814697,-10.135100364685059
14779,Topic2,0.5139625,rattaccano,1.6031786,0.48899999260902405,-10.799200057983398
18869,Topic2,0.5080358,persecuzio,1.5871661,0.48739999532699585,-10.810799598693848
2890,Topic2,1.5258793,sire,4.7806644,0.484499990940094,-9.711000442504883
3613,Topic2,0.7519212,meredlth,2.3636794,0.4812000095844269,-10.418700218200684
11777,Topic2,0.7646738,territoriale,2.4045393,0.48089998960494995,-10.401900291442871
13728,Topic2,0.7648252,jersey,2.4146323,0.47690001130104065,-10.401700019836426
6457,Topic2,1.5063729,eduardo,4.75727,0.4765999913215637,-9.723899841308594
18889,Topic2,0.50834477,recapitare,1.606552,0.47589999437332153,-10.810199737548828
1522,Topic2,2.1912773,migrare,7.02647,0.46140000224113464,-9.349100112915039
7487,Topic2,2.3237743,magro,7.4605646,0.460099995136261,-9.290399551391602
3594,Topic2,6.01364,macedone,19.882187,0.4307999908924103,-8.339599609375
1365,Topic2,28.025059,genova,97.661194,0.3781999945640564,-6.80049991607666
3486,Topic2,3.9835527,facile,13.0702305,0.438400000333786,-8.751399993896484
4364,Topic2,2.9793115,radunare,9.743702,0.4415999948978424,-9.041899681091309
2948,Topic2,14.365668,voce,49.86767,0.38199999928474426,-7.468800067901611
652,Topic2,34.96375,perchè,127.001625,0.3366999924182892,-6.5792999267578125
704,Topic2,3.6331923,presiedere,12.019135,0.4302000105381012,-8.843500137329102
3167,Topic2,5.600084,programmare,18.89849,0.41029998660087585,-8.410799980163574
912,Topic2,18.568058,tanto,66.136116,0.3562999963760376,-7.212200164794922
521,Topic2,11.010067,mare,38.655,0.37070000171661377,-7.734799861907959
456,Topic2,125.81929,italia,504.5979,0.23759999871253967,-5.298799991607666
1443,Topic2,11.709702,inviare,41.675457,0.3571000099182129,-7.6732001304626465
1240,Topic2,9.6167965,creare,33.98173,0.36419999599456787,-7.870100021362305
616,Topic2,36.93607,operare,144.45998,0.26269999146461487,-6.524400234222412
653,Topic2,11.707622,perdere,42.330574,0.34130001068115234,-7.673399925231934
278,Topic2,106.87397,dispaccio,457.2385,0.17299999296665192,-5.461900234222412
1302,Topic2,8.757884,economico,31.092215,0.3596000075340271,-7.963600158691406
1463,Topic2,41.418434,leggere,165.59035,0.24079999327659607,-6.409900188446045
457,Topic2,36.546204,italian,145.06456,0.24799999594688416,-6.534999847412109
1306,Topic2,16.645834,emigrare,62.544323,0.3027999997138977,-7.321400165557861
4058,Topic2,6.0657706,degno,21.0037,0.38449999690055847,-8.330900192260742
35,Topic2,7.1438255,agricoltura,25.109894,0.3695000112056732,-8.1673002243042
478,Topic2,14.430209,lavoratore,54.008656,0.3066999912261963,-7.464300155639648
564,Topic2,38.280674,morto,158.27715,0.20720000565052032,-6.488699913024902
802,Topic2,99.04025,roma,450.56665,0.11159999668598175,-5.538099765777588
1640,Topic2,26.730202,portare,107.359184,0.2362000048160553,-6.847799777984619
647,Topic2,36.846794,patrio,153.7871,0.19779999554157257,-6.526800155639648
995,Topic2,74.27245,venire,341.4494,0.10109999775886536,-5.825900077819824
608,Topic2,47.975983,nuovo,210.52539,0.147599995136261,-6.262899875640869
2004,Topic2,13.964462,bandiera,52.671616,0.29899999499320984,-7.497099876403809
640,Topic2,15.321015,particolare,58.685448,0.28360000252723694,-7.404399871826172
240,Topic2,44.06885,dare,193.25699,0.14830000698566437,-6.347799777984619
498,Topic2,23.707493,luglio,96.06297,0.2273000031709671,-6.967800140380859
50,Topic2,41.915115,americano,184.37169,0.1451999992132187,-6.3979997634887695
1909,Topic2,26.758894,vero,113.5314,0.18129999935626984,-6.846700191497803
55,Topic2,26.542107,andare,112.62921,0.18119999766349792,-6.854899883270264
295,Topic2,46.251957,dovere,219.12076,0.07100000232458115,-6.299499988555908
951,Topic2,38.723118,trovare,178.41124,0.09889999777078629,-6.477200031280518
729,Topic2,28.513048,pubblicare,125.486786,0.14470000565052032,-6.783199787139893
638,Topic2,36.23767,parigi,168.94865,0.08709999918937683,-6.543499946594238
401,Topic2,43.099133,gran,209.87292,0.04360000044107437,-6.370100021362305
458,Topic2,152.35405,italiano,1001.09753,-0.25609999895095825,-5.107399940490723
918,Topic2,70.59097,telegrafico,393.53424,-0.0917000025510788,-5.876699924468994
1711,Topic2,19.610447,rendere,79.90835,0.22169999778270721,-7.15749979019165
687,Topic2,63.217426,potere,358.15668,-0.10779999941587448,-5.986999988555908
270,Topic2,44.467266,dire,229.07874,-0.012799999676644802,-6.338799953460693
1023,Topic2,41.880836,york,214.2074,-0.00559999980032444,-6.398799896240234
238,Topic2,56.582367,daily,330.09018,-0.1370999962091446,-6.097899913787842
384,Topic2,54.050663,giornale,311.21957,-0.12399999797344208,-6.143700122833252
45,Topic2,30.537518,altro,145.94334,0.062300000339746475,-6.714600086212158
2502,Topic2,33.98114,volere,179.13466,-0.03579999879002571,-6.607800006866455
739,Topic2,35.718906,quotidiano,206.10512,-0.12620000541210175,-6.5578999519348145
3345,Topic2,39.255226,cardinale,260.26074,-0.26499998569488525,-6.463500022888184
531,Topic2,34.16437,mentire,223.85564,-0.2533000111579895,-6.602399826049805
229,Topic2,30.245552,costare,151.4575,0.015599999576807022,-6.7241997718811035
594,Topic2,31.283947,nome,187.96289,-0.16660000383853912,-6.690499782562256
1604,Topic2,30.691507,papa,231.33762,-0.39329999685287476,-6.70959997177124
22423,Topic3,1.5483543,militarismo,4.206295,0.7105000019073486,-9.61299991607666
21690,Topic3,1.0042726,premiato,3.078451,0.5898000001907349,-10.045999526977539
2576,Topic3,3.8303027,carbone,11.899159,0.5763999819755554,-8.707300186157227
22357,Topic3,0.46944323,cannglia,1.4840369,0.5590000152587891,-10.806400299072266
22369,Topic3,0.47126096,contrad,1.4960175,0.5547999739646912,-10.802599906921387
22418,Topic3,0.4698158,mendace,1.4985751,0.550000011920929,-10.8056001663208
22456,Topic3,0.4599953,sgozzatoti,1.4793167,0.5418000221252441,-10.826800346374512
22415,Topic3,0.45708573,liberticida,1.4823458,0.5333999991416931,-10.833100318908691
22408,Topic3,0.7080648,insensi,2.326444,0.5203999876976013,-10.395400047302246
22438,Topic3,0.44936764,potenziare,1.476707,0.5202000141143799,-10.850099563598633
22461,Topic3,0.4511965,spressione,1.4851286,0.5185999870300293,-10.846099853515625
22397,Topic3,0.44399565,impenìtente,1.4746486,0.5095999836921692,-10.862199783325195
22476,Topic3,0.44352436,vigliaccamente,1.4869632,0.5001999735832214,-10.863200187683105
19466,Topic3,0.8895667,esercito,2.991559,0.49709999561309814,-10.167200088500977
22420,Topic3,0.4375234,mercenario,1.4740205,0.4952999949455261,-10.876799583435059
12760,Topic3,0.95561564,mestare,3.2392287,0.48919999599456787,-10.095600128173828
13339,Topic3,1.450995,caprera,4.9201536,0.4887999892234802,-9.678000450134277
22454,Topic3,0.9023796,saturday,3.0704129,0.48539999127388,-10.152899742126465
11368,Topic3,1.6334615,patio,5.5643396,0.48429998755455017,-9.559499740600586
20920,Topic3,0.6673084,epicureo,2.2809668,0.48080000281333923,-10.454700469970703
28494,Topic3,0.69525194,cialmente,2.3807893,0.4790000021457672,-10.413700103759766
1532,Topic3,0.6919607,mlchaud,2.370631,0.47859999537467957,-10.418399810791016
21009,Topic3,0.44182953,ortodosi,1.5176374,0.47589999437332153,-10.866999626159668
15875,Topic3,1.570888,superficie,5.4041915,0.47440001368522644,-9.598600387573242
21558,Topic3,1.1119272,flagellare,3.8272066,0.4738999903202057,-9.944100379943848
20546,Topic3,0.926832,rinnegare,3.195868,0.47209998965263367,-10.126199722290039
13412,Topic3,0.70938325,impazzire,2.447583,0.4715000092983246,-10.393600463867188
22447,Topic3,0.4309127,quintesenza,1.4896442,0.46950000524520874,-10.89210033416748
5820,Topic3,1.0663097,ammazzare,3.690107,0.4684999883174896,-9.986000061035156
22380,Topic3,0.42262498,diffet,1.4636337,0.4677000045776367,-10.911499977111816
5060,Topic3,1.3737998,ambizione,4.7729683,0.4645000100135803,-9.732600212097168
11781,Topic3,5.24777,tolstoi,18.546267,0.44749999046325684,-8.392399787902832
836,Topic3,18.873335,secondo,68.189606,0.4253999888896942,-7.112500190734863
531,Topic3,57.345715,mentire,223.85564,0.3479999899864197,-6.001100063323975
1483,Topic3,6.7654734,lucere,24.831228,0.4097000062465668,-8.138400077819824
831,Topic3,3.7442114,scrittore,13.553539,0.4235000014305115,-8.729999542236328
94,Topic3,7.333082,basire,27.4099,0.391400009393692,-8.05780029296875
919,Topic3,17.878956,telegramma,69.59526,0.35089999437332153,-7.166600227355957
475,Topic3,31.52533,largest,126.464745,0.3208000063896179,-6.599400043487549
808,Topic3,23.972008,russia,95.19143,0.33090001344680786,-6.873300075531006
1161,Topic3,28.971691,chiesa,116.6695,0.31690001487731934,-6.683899879455566
384,Topic3,73.38085,giornale,311.21957,0.26510000228881836,-5.7546000480651855
2405,Topic3,4.8983064,scegliere,18.16423,0.399399995803833,-8.461299896240234
261,Topic3,6.910977,destinare,26.135515,0.3797999918460846,-8.11709976196289
1180,Topic3,9.875832,colpo,38.222137,0.35659998655319214,-7.7600998878479
1633,Topic3,23.63232,poco,96.7649,0.3003000020980835,-6.887599945068359
1958,Topic3,5.078282,affettare,18.938738,0.3937000036239624,-8.425200462341309
1074,Topic3,8.324197,antico,32.06418,0.3614000082015991,-7.931099891662598
548,Topic3,10.279479,miniera,40.160736,0.3472000062465668,-7.720099925994873
1606,Topic3,31.632286,parere,133.53554,0.26969999074935913,-6.5960001945495605
575,Topic3,22.176783,napoli,91.85003,0.2888000011444092,-6.951200008392334
539,Topic3,29.640842,mettere,126.0938,0.2621000111103058,-6.661099910736084
4595,Topic3,7.3155456,bordare,28.154343,0.362199991941452,-8.060199737548828
2246,Topic3,4.8706613,manifestare,18.289639,0.38679999113082886,-8.467000007629395
739,Topic3,45.21148,quotidiano,206.10512,0.19290000200271606,-6.238900184631348
853,Topic3,14.088061,sindacare,58.056854,0.2937999963760376,-7.404900074005127
918,Topic3,80.733826,telegrafico,393.53424,0.125900000333786,-5.65910005569458
3345,Topic3,55.40127,cardinale,260.26074,0.16290000081062317,-6.035600185394287
49,Topic3,25.91218,america,113.70386,0.23109999299049377,-6.795499801635742
458,Topic3,184.08157,italiano,1001.09753,0.016499999910593033,-4.834799766540527
270,Topic3,48.132496,dire,229.07874,0.14980000257492065,-6.176300048828125
2939,Topic3,22.405472,vaticano,98.29294,0.2312999963760376,-6.940899848937988
818,Topic3,15.96743,santo,67.53888,0.2678000032901764,-7.279699802398682
951,Topic3,37.776463,trovare,178.41124,0.1574999988079071,-6.418499946594238
278,Topic3,84.47946,dispaccio,457.2385,0.021199999377131462,-5.613699913024902
90,Topic3,26.496956,avvenire,120.96718,0.19140000641345978,-6.773200035095215
608,Topic3,42.646046,nuovo,210.52539,0.11330000311136246,-6.297299861907959
238,Topic3,62.621445,daily,330.09018,0.04769999906420708,-5.913099765777588
456,Topic3,88.05121,italia,504.5979,-0.03590000048279762,-5.572299957275391
995,Topic3,63.029785,venire,341.4494,0.0203000009059906,-5.906599998474121
687,Topic3,64.51485,potere,358.15668,-0.004100000020116568,-5.883299827575684
457,Topic3,30.106043,italian,145.06456,0.13750000298023224,-6.645500183105469
927,Topic3,19.534767,terra,86.55951,0.22130000591278076,-7.078000068664551
638,Topic3,33.74069,parigi,168.94865,0.0989999994635582,-6.531499862670898
1604,Topic3,42.994102,papa,231.33762,0.02710000053048134,-6.2891998291015625
702,Topic3,31.502941,presidente,158.54242,0.09399999678134918,-6.600100040435791
802,Topic3,63.84979,roma,450.56665,-0.24400000274181366,-5.893700122833252
594,Topic3,33.91719,nome,187.96289,-0.002400000113993883,-6.526299953460693
295,Topic3,36.532482,dovere,219.12076,-0.08150000125169754,-6.452000141143799
1007,Topic3,29.62881,visitare,152.49486,0.07159999758005142,-6.661499977111816
564,Topic3,30.222536,morto,158.27715,0.05420000106096268,-6.641600131988525
515,Topic3,28.762423,mano,146.09097,0.08479999750852585,-6.691100120544434
45,Topic3,28.508215,altro,145.94334,0.07689999788999557,-6.699999809265137
401,Topic3,32.63545,gran,209.87292,-0.15119999647140503,-6.564799785614014
2502,Topic3,29.71448,volere,179.13466,-0.08659999817609787,-6.658599853515625
50,Topic3,29.628485,americano,184.37169,-0.11829999834299088,-6.661499977111816
23984,Topic4,0.83745396,available,1.5040394,1.3567999601364136,-9.995200157165527
23985,Topic4,0.8366865,text,1.5040319,1.3559000492095947,-9.996100425720215
16784,Topic4,0.737389,1871,2.340071,0.7875000238418579,-10.122400283813477
13223,Topic4,0.68788767,scully,2.4231262,0.6832000017166138,-10.191900253295898
17066,Topic4,0.44287536,ugill,1.5896107,0.6643999814987183,-10.63230037689209
13145,Topic4,1.0845622,ordinanza,3.8962066,0.6635000109672546,-9.736599922180176
16795,Topic4,0.4367635,airultima,1.5738701,0.6604999899864197,-10.646200180053711
16980,Topic4,0.4304263,ouiuata,1.5611492,0.6539999842643738,-10.660799980163574
17024,Topic4,0.41471478,rìngra,1.5202601,0.6432999968528748,-10.697999954223633
16824,Topic4,0.42688057,ccai,1.5654533,0.6428999900817871,-10.668999671936035
16983,Topic4,0.6309822,passy,2.3204858,0.6401000022888184,-10.278300285339355
16913,Topic4,0.4251981,iinn,1.5718005,0.6348999738693237,-10.67300033569336
16898,Topic4,0.4229634,giubba,1.5721614,0.6294000148773193,-10.678299903869629
16894,Topic4,0.4268999,genua,1.5894138,0.6277999877929688,-10.668999671936035
16781,Topic4,0.41089287,10hm,1.537476,0.6227999925613403,-10.707200050354004
16947,Topic4,0.40998355,maivmahon,1.5512735,0.6115999817848206,-10.709400177001953
16801,Topic4,0.4136409,anontanavanu,1.5652846,0.6115000247955322,-10.700499534606934
13290,Topic4,0.82675993,vessillo,3.1344397,0.6097000241279602,-10.008000373840332
17074,Topic4,0.4095794,uuihji,1.5549635,0.608299970626831,-10.710399627685547
12934,Topic4,0.418576,benito,1.6047386,0.5985000133514404,-10.688699722290039
16850,Topic4,0.4124709,cronico,1.5834929,0.597100019454956,-10.703399658203125
17073,Topic4,0.41449875,urarr,1.5955997,0.5943999886512756,-10.69849967956543
17076,Topic4,0.40785897,uuuuiu,1.5775087,0.5896999835968018,-10.714599609375
16931,Topic4,0.39890617,itinw,1.54431,0.5888000130653381,-10.736800193786621
16882,Topic4,0.40672284,fiuó,1.5785773,0.5861999988555908,-10.717399597167969
16803,Topic4,0.4055326,aovuti,1.5753304,0.5853000283241272,-10.72029972076416
16808,Topic4,0.41372186,asvinto,1.6073493,0.5852000117301941,-10.700400352478027
17061,Topic4,0.40128282,ucikuw,1.5593908,0.5849999785423279,-10.730899810791016
17080,Topic4,0.6056091,ventre,2.358377,0.5828999876976013,-10.319299697875977
16929,Topic4,0.406663,irlarns,1.5888064,0.5795999765396118,-10.717599868774414
9076,Topic4,1.234007,dinnanzi,4.84263,0.5752000212669373,-9.607500076293945
13239,Topic4,2.6943712,sovversivo,10.830538,0.5511999726295471,-8.826600074768066
6906,Topic4,2.562043,pescatore,10.291304,0.5519000291824341,-8.876999855041504
11926,Topic4,2.4717128,esperimentare,10.02898,0.5418000221252441,-8.9128999710083
1146,Topic4,16.357435,capere,71.68488,0.46480000019073486,-7.023099899291992
4482,Topic4,1.6861787,tolto,6.901022,0.5332000255584717,-9.295299530029297
4347,Topic4,7.9736032,progresso,35.404476,0.45170000195503235,-7.741700172424316
183,Topic4,11.197853,commerciare,51.84804,0.4097999930381775,-7.402100086212158
3816,Topic4,5.175398,stagione,23.047462,0.4487000107765198,-8.17389965057373
874,Topic4,3.5138958,soluzione,15.368685,0.4668000042438507,-8.561100006103516
2304,Topic4,12.08871,onore,57.66024,0.3801000118255615,-7.325500011444092
687,Topic4,65.88072,potere,358.15668,0.2492000013589859,-5.629899978637695
8516,Topic4,3.1311638,annuo,13.674808,0.4681999981403351,-8.676400184631348
186,Topic4,5.753037,compagno,26.431578,0.41749998927116394,-8.068099975585938
616,Topic4,27.622381,operare,144.45998,0.2879999876022339,-6.499199867248535
2353,Topic4,9.286236,principiare,44.25555,0.38089999556541443,-7.589300155639648
707,Topic4,13.705432,principe,68.85109,0.32820001244544983,-7.199999809265137
1929,Topic4,7.272035,votare,34.58077,0.3831000030040741,-7.833799839019775
3107,Topic4,6.683917,latino,31.717787,0.38519999384880066,-7.918099880218506
3491,Topic4,8.059421,fede,39.06143,0.36410000920295715,-7.730899810791016
3345,Topic4,44.441082,cardinale,260.26074,0.17479999363422394,-6.023600101470947
1079,Topic4,8.971712,appena,44.24083,0.3467999994754791,-7.623700141906738
995,Topic4,56.30622,venire,341.4494,0.14000000059604645,-5.7870001792907715
908,Topic4,12.522429,suol,64.282845,0.30660000443458557,-7.290299892425537
643,Topic4,16.87123,passare,90.27524,0.26510000228881836,-6.992199897766113
3513,Topic4,5.6715856,generale,26.885756,0.3862000107765198,-8.082300186157227
802,Topic4,69.30119,roma,450.56665,0.07029999792575836,-5.5792999267578125
498,Topic4,17.488094,luglio,96.06297,0.23890000581741333,-6.956299781799316
1023,Topic4,34.804405,york,214.2074,0.12520000338554382,-6.26800012588501
771,Topic4,19.979069,ricevere,113.21982,0.2076999992132187,-6.8231000900268555
365,Topic4,23.354456,francese,135.80489,0.1818999946117401,-6.666999816894531
867,Topic4,10.643989,soldato,54.975315,0.3005000054836273,-7.4527997970581055
240,Topic4,31.252045,dare,193.25699,0.12039999663829803,-6.375699996948242
1027,Topic4,20.242992,zione,116.38159,0.19329999387264252,-6.809999942779541
1241,Topic4,18.007452,credere,102.08364,0.20739999413490295,-6.927000045776367
652,Topic4,21.552206,perchè,127.001625,0.16859999299049377,-6.747300148010254
729,Topic4,21.159166,pubblicare,125.486786,0.16220000386238098,-6.765699863433838
270,Topic4,34.77392,dire,229.07874,0.05719999969005585,-6.268899917602539
90,Topic4,20.335732,avvenire,120.96718,0.15919999778270721,-6.8053998947143555
458,Topic4,112.418915,italiano,1001.09753,-0.2442999929189682,-5.095600128173828
531,Topic4,33.05109,mentire,223.85564,0.029400000348687172,-6.319699764251709
384,Topic4,42.950214,giornale,311.21957,-0.038100000470876694,-6.057700157165527
278,Topic4,58.397892,dispaccio,457.2385,-0.11559999734163284,-5.750500202178955
677,Topic4,22.531275,popolare,139.1913,0.12139999866485596,-6.702899932861328
873,Topic4,20.426794,solo,126.79792,0.11659999936819077,-6.800899982452393
1463,Topic4,24.53162,leggere,165.59035,0.03280000016093254,-6.617800235748291
2811,Topic4,17.667143,pontefice,104.355896,0.1662999987602234,-6.946100234985352
918,Topic4,45.14161,telegrafico,393.53424,-0.22300000488758087,-6.007999897003174
1604,Topic4,30.607468,papa,231.33762,-0.08030000329017639,-6.396500110626221
974,Topic4,20.43764,unito,130.0994,0.09139999747276306,-6.8003997802734375
594,Topic4,24.927538,nome,187.96289,-0.0778999999165535,-6.601799964904785
456,Topic4,41.45279,italia,504.5979,-0.5568000078201294,-6.093200206756592
606,Topic4,23.378187,numerare,177.03395,-0.08219999819993973,-6.665999889373779
608,Topic4,24.813538,nuovo,210.52539,-0.19589999318122864,-6.606400012969971
564,Topic4,21.816307,morto,158.27715,-0.03929999843239784,-6.735099792480469
295,Topic4,24.725927,dovere,219.12076,-0.2393999993801117,-6.609899997711182
951,Topic4,22.52244,trovare,178.41124,-0.12720000743865967,-6.7032999992370605
238,Topic4,26.784296,daily,330.09018,-0.5691999793052673,-6.53000020980835
401,Topic4,23.381502,gran,209.87292,-0.25220000743865967,-6.665800094604492
2502,Topic4,21.662857,volere,179.13466,-0.17020000517368317,-6.742199897766113
508,Topic4,20.951311,maggio,148.54042,-0.016300000250339508,-6.775599956512451
739,Topic4,21.703564,quotidiano,206.10512,-0.3084999918937683,-6.740300178527832
18879,Topic5,0.48798174,privilegii,2.202457,0.608299970626831,-10.362299919128418
12758,Topic5,0.99406725,medaglia,4.592759,0.5849000215530396,-9.650799751281738
7720,Topic5,0.4779424,cordi,2.223571,0.5778999924659729,-10.383099555969238
11775,Topic5,6.596331,terno,31.11608,0.5641000270843506,-7.758299827575684
12078,Topic5,0.47501263,perta,2.253554,0.5583999752998352,-10.389300346374512
15408,Topic5,0.6801356,mormone,3.240623,0.554099977016449,-10.03030014038086
4489,Topic5,1.6457987,trasformazione,7.9117675,0.545199990272522,-9.146599769592285
7848,Topic5,0.48271936,prela,2.3403249,0.5367000102996826,-10.373200416564941
18345,Topic5,0.49613726,ecuador,2.4238563,0.5289999842643738,-10.34570026397705
9845,Topic5,1.7971777,zanardelll,8.807154,0.5260000228881836,-9.058600425720215
22383,Topic5,0.4504055,disonore,2.23348,0.5141000151634216,-10.442500114440918
18905,Topic5,0.47554737,salarii,2.3648071,0.5113000273704529,-10.388099670410156
20592,Topic5,0.46585995,1596,2.3327837,0.5044000148773193,-10.408699989318848
22360,Topic5,0.2929551,catastrofico,1.4688658,0.5030999779701233,-10.872599601745605
6191,Topic5,0.6089794,rivivere,3.0538633,0.5029000043869019,-10.140800476074219
10305,Topic5,1.5287899,gelare,7.6848183,0.5005000233650208,-9.220399856567383
5825,Topic5,0.3059803,appenderli,1.5412548,0.4984999895095825,-10.829099655151367
6123,Topic5,0.29926834,passionisi,1.5142252,0.49399998784065247,-10.851300239562988
15305,Topic5,0.4679314,detl,2.3706546,0.4927000105381012,-10.40429973602295
19803,Topic5,0.9394879,loti,4.7902036,0.486299991607666,-9.707300186157227
14012,Topic5,0.7931205,dotare,4.0615063,0.4819999933242798,-9.87660026550293
11332,Topic5,0.5799095,lonie,2.9761186,0.4797999858856201,-10.18970012664795
2096,Topic5,11.169423,diritto,57.35236,0.47929999232292175,-7.2316999435424805
14215,Topic5,0.44435877,sussurrare,2.2823832,0.4790000021457672,-10.456000328063965
18834,Topic5,0.3037974,mackinley,1.5621245,0.4778999984264374,-10.836199760437012
21080,Topic5,0.43144068,sociologico,2.2205644,0.47690001130104065,-10.48550033569336
5874,Topic5,0.9125653,chiave,4.7109785,0.4738999903202057,-9.736300468444824
516,Topic5,5.8622174,mantenere,30.29902,0.47269999980926514,-7.876299858093262
22400,Topic5,0.28198183,incremento,1.4583113,0.47209998965263367,-10.910799980163574
20088,Topic5,0.61655813,perentorio,3.190232,0.4715999960899353,-10.128399848937988
13945,Topic5,0.7548489,antipatia,3.926568,0.46630001068115234,-9.92609977722168
2674,Topic5,3.321897,gentile,17.55211,0.4507000148296356,-8.444299697875977
4075,Topic5,1.0663342,disegno,5.5895014,0.4586000144481659,-9.580599784851074
506,Topic5,17.176193,macchina,96.182396,0.39259999990463257,-6.801300048828125
6041,Topic5,2.880454,istituto,15.635905,0.4237000048160553,-8.586899757385254
859,Topic5,8.995295,sociale,51.5426,0.36959999799728394,-7.4481000900268555
3804,Topic5,4.454979,soccorso,24.85061,0.39640000462532043,-8.150799751281738
4956,Topic5,2.7601235,seno,15.1108,0.41519999504089355,-8.629599571228027
3272,Topic5,1.3008332,ammontare,6.9058743,0.44589999318122864,-9.381799697875977
225,Topic5,20.24363,correre,120.96365,0.3276999890804291,-6.63700008392334
1930,Topic5,10.588234,voto,62.26466,0.34369999170303345,-7.285099983215332
4156,Topic5,1.876474,guarnigione,10.118265,0.430400013923645,-9.01550006866455
156,Topic5,6.9117637,cerimonia,40.102345,0.3571000099182129,-7.711599826812744
1480,Topic5,19.285885,lottare,119.56711,0.290800005197525,-6.685500144958496
577,Topic5,1.8246619,naturalmente,9.839103,0.4302999973297119,-9.043499946594238
1537,Topic5,11.49546,molto,69.9986,0.30880001187324524,-7.202899932861328
2325,Topic5,18.381027,partire,115.41141,0.27810001373291016,-6.733500003814697
265,Topic5,10.170156,dichiarare,61.907925,0.3091000020503998,-7.325399875640869
893,Topic5,7.8718123,standard,47.070667,0.32690000534057617,-7.581600189208984
326,Topic5,13.339019,estero,83.448006,0.2818000018596649,-7.054200172424316
1607,Topic5,18.442673,parlare,118.36875,0.25619998574256897,-6.730199813842773
647,Topic5,23.176971,patrio,153.7871,0.22290000319480896,-6.501699924468994
3709,Topic5,5.5599575,prete,32.671387,0.34439998865127563,-7.929299831390381
2304,Topic5,9.357533,onore,57.66024,0.2969000041484833,-7.408699989318848
475,Topic5,19.27084,largest,126.464745,0.23389999568462372,-6.686299800872803
1547,Topic5,14.30894,navigazione,91.97958,0.25459998846054077,-6.984000205993652
210,Topic5,8.823039,continuo,54.467365,0.29510000348091125,-7.46750020980835
62,Topic5,6.8580613,aprile,41.277756,0.3203999996185303,-7.719399929046631
278,Topic5,59.71011,dispaccio,457.2385,0.07959999889135361,-5.555300235748291
912,Topic5,10.474426,tanto,66.136116,0.27250000834465027,-7.295899868011475
229,Topic5,21.801647,costare,151.4575,0.1770000010728836,-6.562900066375732
403,Topic5,21.159489,grande,147.71931,0.1720999926328659,-6.592800140380859
458,Topic5,113.71724,italiano,1001.09753,-0.05979999899864197,-4.911099910736084
2050,Topic5,13.332462,collare,87.65244,0.2320999950170517,-7.054599761962891
687,Topic5,45.658264,potere,358.15668,0.05550000071525574,-5.823699951171875
1365,Topic5,14.575311,genova,97.661194,0.21310000121593475,-6.9654998779296875
3345,Topic5,33.81714,cardinale,260.26074,0.07460000365972519,-6.123899936676025
3998,Topic5,14.091494,camera,94.1639,0.21580000221729279,-6.999300003051758
608,Topic5,27.922659,nuovo,210.52539,0.09510000050067902,-6.315400123596191
238,Topic5,40.86736,daily,330.09018,0.02630000002682209,-5.934500217437744
2502,Topic5,23.959942,volere,179.13466,0.10360000282526016,-6.468500137329102
50,Topic5,24.49341,americano,184.37169,0.09679999947547913,-6.446400165557861
1604,Topic5,28.848454,papa,231.33762,0.03350000083446503,-6.282800197601318
918,Topic5,43.60159,telegrafico,393.53424,-0.08479999750852585,-5.869800090789795
995,Topic5,38.789677,venire,341.4494,-0.059700001031160355,-5.986700057983398
802,Topic5,47.984123,roma,450.56665,-0.12430000305175781,-5.77400016784668
456,Topic5,50.25509,italia,504.5979,-0.19130000472068787,-5.727700233459473
240,Topic5,23.608526,dare,193.25699,0.012900000438094139,-6.4832000732421875
602,Topic5,19.136919,notizia,144.99274,0.09019999951124191,-6.69320011138916
648,Topic5,16.399673,patrizio,116.66154,0.15330000221729279,-6.847599983215332
401,Topic5,24.543375,gran,209.87292,-0.030799999833106995,-6.444399833679199
384,Topic5,31.521969,giornale,311.21957,-0.1745000034570694,-6.194200038909912
457,Topic5,18.875566,italian,145.06456,0.07599999755620956,-6.706999778747559
531,Topic5,24.276093,mentire,223.85564,-0.10620000213384628,-6.455399990081787
45,Topic5,18.756157,altro,145.94334,0.06360000371932983,-6.7133002281188965
594,Topic5,21.697289,nome,187.96289,-0.043800000101327896,-6.567699909210205
951,Topic5,20.994715,trovare,178.41124,-0.02449999935925007,-6.600599765777588
1023,Topic5,21.967543,york,214.2074,-0.16210000216960907,-6.555300235748291
295,Topic5,21.847876,dovere,219.12076,-0.19020000100135803,-6.560699939727783
564,Topic5,18.864359,morto,158.27715,-0.011800000444054604,-6.707600116729736
739,Topic5,19.056116,quotidiano,206.10512,-0.26570001244544983,-6.697500228881836
320,Topic6,0.48386002,espri,5.711514,0.7663000226020813,-9.251399993896484
6383,Topic6,0.2816761,boia,3.6255453,0.6797999739646912,-9.792400360107422
8654,Topic6,0.3189143,giovanna,4.273039,0.6395999789237976,-9.66819953918457
6906,Topic6,0.73249793,pescatore,10.291304,0.592199981212616,-8.836700439453125
6830,Topic6,0.10480269,figulg,1.4744184,0.5907999873161316,-10.781100273132324
6941,Topic6,0.10537491,seaza,1.4946654,0.5825999975204468,-10.77560043334961
6378,Topic6,0.1540484,benemerenza,2.191527,0.5796999931335449,-10.395899772644043
9468,Topic6,0.6659605,credito,9.478695,0.579200029373169,-8.931900024414062
22512,Topic6,0.2621058,assoluzione,3.739331,0.5767999887466431,-9.864399909973145
10667,Topic6,0.20800483,irving,2.97547,0.5741999745368958,-10.095600128173828
22089,Topic6,0.20652033,chlnese,2.9614482,0.5716999769210815,-10.102800369262695
22610,Topic6,0.10424247,espressimi,1.5015461,0.5672000050544739,-10.786399841308594
25886,Topic6,0.15218297,unghorosl,2.192651,0.5669999718666077,-10.408100128173828
6746,Topic6,0.10172128,allat,1.4662263,0.5665000081062317,-10.81089973449707
6794,Topic6,0.10470805,concetu,1.512719,0.564300000667572,-10.781999588012695
19054,Topic6,0.10150827,noartuti,1.474976,0.5584999918937683,-10.812999725341797
6988,Topic6,0.10265769,vivacemente,1.500633,0.5525000095367432,-10.8016996383667
6940,Topic6,0.103137404,scatori,1.5130411,0.5489000082015991,-10.797100067138672
18953,Topic6,0.09959165,assunzio,1.4633412,0.5473999977111816,-10.832099914550781
6874,Topic6,0.10299806,messaci,1.515069,0.5462999939918518,-10.798399925231934
12607,Topic6,0.10273386,amlct,1.5115107,0.5460000038146973,-10.800999641418457
6570,Topic6,0.3969098,mlles,5.853827,0.5436000227928162,-9.449399948120117
1217,Topic6,0.53406537,contemporaneamente,7.8925476,0.5415999889373779,-9.152600288391113
19028,Topic6,0.14886801,losl,2.2000387,0.5415999889373779,-10.430100440979004
18957,Topic6,0.24647555,benicia,3.643311,0.5414000153541565,-9.92590045928955
6337,Topic6,0.14718743,althotel,2.1792824,0.5396999716758728,-10.441399574279785
3636,Topic6,0.15015617,mugnai,2.2357934,0.5340999960899353,-10.421500205993652
8713,Topic6,0.14827372,lega,2.2082152,0.5339000225067139,-10.434100151062012
6900,Topic6,0.100488916,pallidissimo,1.4969356,0.5335999727249146,-10.823100090026855
19116,Topic6,0.09779735,tungsteno,1.4573756,0.53329998254776,-10.850299835205078
2856,Topic6,2.0026257,rivisto,30.01508,0.5274999737739563,-7.830900192260742
875,Topic6,0.57671636,somalia,8.670738,0.524399995803833,-9.075799942016602
326,Topic6,5.256779,estero,83.448006,0.4700999855995178,-6.865900039672852
7035,Topic6,0.3903798,buttare,5.9086976,0.5177000164985657,-9.465999603271484
5571,Topic6,0.5333896,gigantesco,8.200761,0.5019999742507935,-9.153900146484375
2297,Topic6,1.5179143,occhio,24.373444,0.4586000144481659,-8.108099937438965
2768,Topic6,1.21899,navale,19.526562,0.460999995470047,-8.327400207519531
1840,Topic6,1.667871,straniero,27.339636,0.43799999356269836,-8.013799667358398
6470,Topic6,0.65399474,esperimento,10.383534,0.4699000120162964,-8.949999809265137
3788,Topic6,0.4785597,sentenza,7.501012,0.482699990272522,-9.262399673461914
90,Topic6,6.6916223,avvenire,120.96718,0.3400999903678894,-6.624499797821045
2359,Topic6,0.88838154,provinole,14.463858,0.4447999894618988,-8.643699645996094
307,Topic6,1.2833083,effetto,21.451353,0.41839998960494995,-8.276000022888184
2047,Topic6,0.7675002,clic,12.449325,0.44850000739097595,-8.789999961853027
643,Topic6,4.9410563,passare,90.27524,0.3294999897480011,-6.927800178527832
50,Topic6,9.510744,americano,184.37169,0.2702000141143799,-6.2729997634887695
2847,Topic6,0.88797075,respingere,14.553424,0.43810001015663147,-8.644200325012207
1425,Topic6,1.7283819,inghilterra,30.197266,0.3741999864578247,-7.9781999588012695
1628,Topic6,4.610232,piroscafo,87.74219,0.28859999775886536,-6.997099876403809
384,Topic6,14.639526,giornale,311.21957,0.17800000309944153,-5.841700077056885
594,Topic6,9.21811,nome,187.96289,0.21969999372959137,-6.304200172424316
974,Topic6,6.56603,unito,130.0994,0.2484000027179718,-6.643499851226807
602,Topic6,7.2359343,notizia,144.99274,0.2371000051498413,-6.546299934387207
749,Topic6,4.01054,recare,75.8134,0.2953999936580658,-7.136499881744385
3345,Topic6,11.977816,cardinale,260.26074,0.15610000491142273,-6.042300224304199
486,Topic6,3.0663111,lettera,57.35533,0.3059999942779541,-7.404900074005127
995,Topic6,15.194063,venire,341.4494,0.12250000238418579,-5.804500102996826
1757,Topic6,3.3269002,salutare,63.309555,0.2888000011444092,-7.323400020599365
91,Topic6,3.1717596,avvisare,60.28688,0.289900004863739,-7.371099948883057
84,Topic6,2.8999376,aumentare,54.594448,0.2994999885559082,-7.460700035095215
1811,Topic6,4.1790996,società,83.913864,0.23510000109672546,-7.095300197601318
458,Topic6,36.683147,italiano,1001.09753,-0.07180000096559525,-4.923099994659424
238,Topic6,13.804612,daily,330.09018,0.06040000170469284,-5.900400161743164
918,Topic6,15.724366,telegrafico,393.53424,0.014800000004470348,-5.770199775695801
648,Topic6,5.467249,patrizio,116.66154,0.17430000007152557,-6.826600074768066
4809,Topic6,5.3107796,marconi,112.78731,0.17900000512599945,-6.8557000160217285
267,Topic6,3.3518255,dimostrare,65.84523,0.25699999928474426,-7.315899848937988
193,Topic6,4.4901066,condizione,93.41422,0.1995999962091446,-7.023499965667725
456,Topic6,17.974167,italia,504.5979,-0.10010000318288803,-5.636499881744385
278,Topic6,16.160069,dispaccio,457.2385,-0.10790000110864639,-5.742800235748291
508,Topic6,6.4697447,maggio,148.54042,0.10100000351667404,-6.658299922943115
457,Topic6,6.3170533,italian,145.06456,0.10080000013113022,-6.68209981918335
365,Topic6,5.9812107,francese,135.80489,0.11219999939203262,-6.736800193786621
951,Topic6,7.3975997,trovare,178.41124,0.05180000141263008,-6.524199962615967
403,Topic6,6.1907635,grande,147.71931,0.0625,-6.702300071716309
802,Topic6,14.266286,roma,450.56665,-0.21780000627040863,-5.867499828338623
647,Topic6,6.308398,patrio,153.7871,0.041099999099969864,-6.683499813079834
694,Topic6,4.6063075,prendere,100.220375,0.15479999780654907,-6.998000144958496
608,Topic6,7.7032943,nuovo,210.52539,-0.07320000231266022,-6.483699798583984
920,Topic6,5.483089,tenere,128.64198,0.07940000295639038,-6.823699951171875
687,Topic6,10.955368,potere,358.15668,-0.2524000108242035,-6.1315999031066895
240,Topic6,7.0408616,dare,193.25699,-0.07750000059604645,-6.573699951171875
616,Topic6,5.8537,operare,144.45998,0.02879999950528145,-6.758299827575684
606,Topic6,6.5313907,numerare,177.03395,-0.06499999761581421,-6.648799896240234
270,Topic6,6.946666,dire,229.07874,-0.26100000739097595,-6.587100028991699
401,Topic6,6.5871687,gran,209.87292,-0.22660000622272491,-6.6402997970581055
1463,Topic6,6.0494514,leggere,165.59035,-0.07479999959468842,-6.725399971008301
638,Topic6,6.0786796,parigi,168.94865,-0.09000000357627869,-6.720600128173828
531,Topic6,6.4845085,mentire,223.85564,-0.3068000078201294,-6.656000137329102
295,Topic6,6.376319,dovere,219.12076,-0.30230000615119934,-6.672800064086914
739,Topic6,6.053375,quotidiano,206.10512,-0.2930000126361847,-6.724800109863281
